Date;Ecopetrol;Retorno Ecopetrol;Colcap;Retorno Colcap;TES 5y (anual);TES 5y (semanal);rECOP - rf;rCOLCAP - rf
4-abr-10;2,725.00;0.93%;1,468.95;1.97%;7.34%;0.14%;0.79%;1.83%
11-abr-10;2,690.00;-1.28%;1,463.27;-0.39%;7.32%;0.14%;-1.42%;-0.52%
18-abr-10;2,780.00;3.35%;1,488.05;1.69%;7.32%;0.14%;3.21%;1.56%
25-abr-10;2,765.00;-0.54%;1,467.26;-1.40%;7.37%;0.14%;-0.68%;-1.53%
2-may-10;2,670.00;-3.44%;1,412.80;-3.71%;7.17%;0.13%;-3.57%;-3.84%
9-may-10;2,740.00;2.62%;1,444.27;2.23%;7.18%;0.13%;2.49%;2.09%
16-may-10;2,630.00;-4.01%;1,397.39;-3.25%;7.15%;0.13%;-4.14%;-3.38%
23-may-10;2,710.00;3.04%;1,446.48;3.51%;7.10%;0.13%;2.91%;3.38%
30-may-10;2,690.00;-0.74%;1,438.30;-0.57%;6.93%;0.13%;-0.87%;-0.69%
6-jun-10;2,710.00;0.74%;1,448.08;0.68%;6.90%;0.13%;0.61%;0.55%
13-jun-10;2,765.00;2.03%;1,472.41;1.68%;6.92%;0.13%;1.90%;1.55%
20-jun-10;2,775.00;0.36%;1,475.04;0.18%;6.91%;0.13%;0.23%;0.05%
27-jun-10;2,725.00;-1.80%;1,455.04;-1.36%;7.37%;0.14%;-1.94%;-1.49%
4-jul-10;2,825.00;3.67%;1,478.49;1.61%;7.46%;0.14%;3.53%;1.47%
11-jul-10;2,990.00;5.84%;1,526.67;3.26%;7.63%;0.14%;5.70%;3.12%
18-jul-10;3,085.00;3.18%;1,569.86;2.83%;7.68%;0.14%;3.04%;2.69%
25-jul-10;3,105.00;0.65%;1,571.62;0.11%;7.73%;0.14%;0.51%;-0.03%
1-ago-10;3,365.00;8.37%;1,580.41;0.56%;7.80%;0.14%;8.23%;0.41%
8-ago-10;3,320.00;-1.34%;1,567.78;-0.80%;7.89%;0.15%;-1.49%;-0.95%
15-ago-10;3,300.00;-0.60%;1,585.60;1.14%;7.89%;0.15%;-0.75%;0.99%
22-ago-10;3,435.00;4.09%;1,639.89;3.42%;7.70%;0.14%;3.95%;3.28%
29-ago-10;3,500.00;1.89%;1,687.24;2.89%;7.65%;0.14%;1.75%;2.75%
5-sep-10;3,690.00;5.43%;1,699.91;0.75%;7.85%;0.15%;5.28%;0.61%
12-sep-10;3,530.00;-4.34%;1,691.24;-0.51%;7.66%;0.14%;-4.48%;-0.65%
19-sep-10;3,585.00;1.56%;1,697.26;0.36%;7.54%;0.14%;1.42%;0.22%
26-sep-10;3,725.00;3.91%;1,766.79;4.10%;7.35%;0.14%;3.77%;3.96%
3-oct-10;4,055.00;8.86%;1,826.38;3.37%;7.25%;0.13%;8.73%;3.24%
10-oct-10;4,140.00;2.10%;1,833.59;0.39%;7.41%;0.14%;1.96%;0.26%
17-oct-10;4,340.00;4.83%;1,906.66;3.99%;7.23%;0.13%;4.70%;3.85%
24-oct-10;4,410.00;1.61%;1,901.83;-0.25%;7.22%;0.13%;1.48%;-0.39%
31-oct-10;4,630.00;4.99%;1,940.38;2.03%;7.21%;0.13%;4.86%;1.89%
7-nov-10;4,145.00;-10.48%;1,795.09;-7.49%;7.17%;0.13%;-10.61%;-7.62%
14-nov-10;4,090.00;-1.33%;1,778.83;-0.91%;7.10%;0.13%;-1.46%;-1.04%
21-nov-10;3,935.00;-3.79%;1,770.59;-0.46%;6.93%;0.13%;-3.92%;-0.59%
28-nov-10;4,020.00;2.16%;1,830.26;3.37%;6.81%;0.13%;2.03%;3.24%
5-dic-10;4,070.00;1.24%;1,830.86;0.03%;6.79%;0.13%;1.11%;-0.09%
12-dic-10;4,020.00;-1.23%;1,823.10;-0.42%;6.93%;0.13%;-1.36%;-0.55%
19-dic-10;4,105.00;2.11%;1,853.24;1.65%;6.79%;0.13%;1.98%;1.53%
26-dic-10;4,100.00;-0.12%;1,823.70;-1.59%;6.84%;0.13%;-0.25%;-1.72%
2-ene-11;3,890.00;-5.12%;1,781.71;-2.30%;6.84%;0.13%;-5.25%;-2.43%
9-ene-11;4,015.00;3.21%;1,796.05;0.80%;6.65%;0.12%;3.09%;0.68%
16-ene-11;3,925.00;-2.24%;1,756.48;-2.20%;6.73%;0.13%;-2.37%;-2.33%
23-ene-11;3,965.00;1.02%;1,768.13;0.66%;6.49%;0.12%;0.90%;0.54%
30-ene-11;3,915.00;-1.26%;1,709.06;-3.34%;6.42%;0.12%;-1.38%;-3.46%
6-feb-11;3,900.00;-0.38%;1,694.51;-0.85%;6.39%;0.12%;-0.50%;-0.97%
13-feb-11;3,750.00;-3.85%;1,644.66;-2.94%;6.26%;0.12%;-3.97%;-3.06%
20-feb-11;3,955.00;5.47%;1,713.40;4.18%;6.12%;0.11%;5.36%;4.07%
27-feb-11;4,060.00;2.65%;1,788.14;4.36%;6.24%;0.12%;2.53%;4.25%
6-mar-11;3,895.00;-4.06%;1,699.01;-4.98%;6.64%;0.12%;-4.18%;-5.11%
13-mar-11;3,825.00;-1.80%;1,739.16;2.36%;6.52%;0.12%;-1.92%;2.24%
20-mar-11;3,810.00;-0.39%;1,727.79;-0.65%;6.57%;0.12%;-0.51%;-0.78%
27-mar-11;3,865.00;1.44%;1,708.59;-1.11%;6.53%;0.12%;1.32%;-1.23%
3-abr-11;3,765.00;-2.59%;1,708.66;0.00%;6.62%;0.12%;-2.71%;-0.12%
10-abr-11;3,670.00;-2.52%;1,670.18;-2.25%;6.63%;0.12%;-2.64%;-2.38%
17-abr-11;3,730.00;1.63%;1,691.73;1.29%;6.70%;0.12%;1.51%;1.17%
24-abr-11;3,800.00;1.88%;1,700.68;0.53%;6.70%;0.12%;1.76%;0.40%
1-may-11;3,760.00;-1.05%;1,652.88;-2.81%;6.84%;0.13%;-1.18%;-2.94%
8-may-11;3,870.00;2.93%;1,706.76;3.26%;6.79%;0.13%;2.80%;3.13%
15-may-11;3,940.00;1.81%;1,710.50;0.22%;6.71%;0.13%;1.68%;0.09%
22-may-11;3,950.00;0.25%;1,732.02;1.26%;6.74%;0.13%;0.12%;1.13%
29-may-11;4,015.00;1.65%;1,753.31;1.23%;6.71%;0.12%;1.53%;1.10%
5-jun-11;4,000.00;-0.37%;1,751.77;-0.09%;6.79%;0.13%;-0.50%;-0.21%
12-jun-11;3,815.00;-4.63%;1,702.44;-2.82%;6.80%;0.13%;-4.76%;-2.94%
19-jun-11;3,810.00;-0.13%;1,710.15;0.45%;6.71%;0.13%;-0.26%;0.33%
26-jun-11;3,875.00;1.71%;1,707.03;-0.18%;6.64%;0.12%;1.59%;-0.31%
3-jul-11;3,700.00;-4.52%;1,656.36;-2.97%;6.57%;0.12%;-4.64%;-3.09%
10-jul-11;3,575.00;-3.38%;1,584.07;-4.36%;6.54%;0.12%;-3.50%;-4.49%
17-jul-11;3,705.00;3.64%;1,645.71;3.89%;6.59%;0.12%;3.52%;3.77%
24-jul-11;3,735.00;0.81%;1,659.39;0.83%;6.67%;0.12%;0.69%;0.71%
31-jul-11;3,660.00;-2.01%;1,588.10;-4.30%;6.65%;0.12%;-2.13%;-4.42%
7-ago-11;3,710.00;1.37%;1,611.13;1.45%;6.75%;0.13%;1.24%;1.32%
14-ago-11;3,610.00;-2.70%;1,573.10;-2.36%;6.54%;0.12%;-2.82%;-2.48%
21-ago-11;3,680.00;1.94%;1,604.16;1.97%;6.47%;0.12%;1.82%;1.85%
28-ago-11;3,885.00;5.57%;1,642.54;2.39%;6.52%;0.12%;5.45%;2.27%
4-sep-11;3,835.00;-1.29%;1,631.87;-0.65%;6.48%;0.12%;-1.41%;-0.77%
11-sep-11;4,120.00;7.43%;1,684.37;3.22%;6.39%;0.12%;7.31%;3.10%
18-sep-11;3,825.00;-7.16%;1,593.69;-5.38%;6.35%;0.12%;-7.28%;-5.50%
25-sep-11;3,860.00;0.92%;1,584.75;-0.56%;6.22%;0.12%;0.80%;-0.68%
2-oct-11;3,885.00;0.65%;1,583.86;-0.06%;6.23%;0.12%;0.53%;-0.17%
9-oct-11;3,940.00;1.42%;1,618.42;2.18%;6.25%;0.12%;1.30%;2.07%
16-oct-11;3,995.00;1.40%;1,627.27;0.55%;6.25%;0.12%;1.28%;0.43%
23-oct-11;4,055.00;1.50%;1,636.50;0.57%;6.34%;0.12%;1.38%;0.45%
30-oct-11;4,025.00;-0.74%;1,600.14;-2.22%;6.38%;0.12%;-0.86%;-2.34%
6-nov-11;4,020.00;-0.12%;1,582.14;-1.12%;6.46%;0.12%;-0.24%;-1.25%
13-nov-11;3,975.00;-1.12%;1,562.55;-1.24%;6.35%;0.12%;-1.24%;-1.36%
20-nov-11;3,910.00;-1.64%;1,482.59;-5.12%;6.27%;0.12%;-1.76%;-5.23%
27-nov-11;4,195.00;7.29%;1,586.85;7.03%;6.22%;0.12%;7.17%;6.92%
4-dic-11;4,170.00;-0.60%;1,577.86;-0.57%;6.10%;0.11%;-0.71%;-0.68%
11-dic-11;4,175.00;0.12%;1,571.89;-0.38%;6.05%;0.11%;0.01%;-0.49%
18-dic-11;4,285.00;2.63%;1,600.40;1.81%;6.00%;0.11%;2.52%;1.70%
25-dic-11;4,215.00;-1.63%;1,571.55;-1.80%;6.27%;0.12%;-1.75%;-1.92%
1-ene-12;4,325.00;2.61%;1,599.69;1.79%;6.26%;0.12%;2.49%;1.67%
8-ene-12;4,480.00;3.58%;1,592.82;-0.43%;6.21%;0.12%;3.46%;-0.55%
15-ene-12;4,570.00;2.01%;1,607.26;0.91%;6.04%;0.11%;1.90%;0.79%
22-ene-12;4,520.00;-1.09%;1,595.77;-0.71%;5.98%;0.11%;-1.20%;-0.83%
29-ene-12;4,650.00;2.88%;1,643.43;2.99%;5.83%;0.11%;2.77%;2.88%
5-feb-12;4,730.00;1.72%;1,657.28;0.84%;5.92%;0.11%;1.61%;0.73%
12-feb-12;5,060.00;6.98%;1,710.76;3.23%;5.92%;0.11%;6.87%;3.12%
19-feb-12;4,985.00;-1.48%;1,718.51;0.45%;5.81%;0.11%;-1.59%;0.34%
26-feb-12;5,220.00;4.71%;1,734.65;0.94%;5.86%;0.11%;4.60%;0.83%
4-mar-12;5,150.00;-1.34%;1,724.62;-0.58%;5.81%;0.11%;-1.45%;-0.69%
11-mar-12;5,210.00;1.17%;1,705.00;-1.14%;5.72%;0.11%;1.06%;-1.24%
18-mar-12;5,360.00;2.88%;1,732.23;1.60%;5.62%;0.11%;2.77%;1.49%
25-mar-12;5,430.00;1.31%;1,743.63;0.66%;5.48%;0.10%;1.21%;0.56%
1-abr-12;5,610.00;3.31%;1,742.90;-0.04%;5.49%;0.10%;3.21%;-0.14%
8-abr-12;5,580.00;-0.53%;1,748.70;0.33%;5.50%;0.10%;-0.63%;0.23%
15-abr-12;5,260.00;-5.73%;1,754.56;0.34%;5.57%;0.10%;-5.83%;0.23%
22-abr-12;5,580.00;6.08%;1,769.49;0.85%;5.60%;0.10%;5.98%;0.75%
29-abr-12;5,600.00;0.36%;1,799.25;1.68%;5.70%;0.11%;0.25%;1.58%
6-may-12;5,560.00;-0.71%;1,775.80;-1.30%;5.62%;0.11%;-0.82%;-1.41%
13-may-12;5,330.00;-4.14%;1,715.45;-3.40%;5.46%;0.10%;-4.24%;-3.50%
20-may-12;5,300.00;-0.56%;1,713.33;-0.12%;5.36%;0.10%;-0.66%;-0.22%
27-may-12;5,340.00;0.75%;1,680.44;-1.92%;5.37%;0.10%;0.65%;-2.02%
3-jun-12;5,230.00;-2.06%;1,672.84;-0.45%;5.17%;0.10%;-2.16%;-0.55%
10-jun-12;5,290.00;1.15%;1,649.50;-1.40%;5.14%;0.10%;1.05%;-1.49%
17-jun-12;5,080.00;-3.97%;1,633.51;-0.97%;5.14%;0.10%;-4.07%;-1.07%
24-jun-12;4,985.00;-1.87%;1,640.01;0.40%;4.93%;0.09%;-1.96%;0.31%
1-jul-12;5,000.00;0.30%;1,667.44;1.67%;4.80%;0.09%;0.21%;1.58%
8-jul-12;4,970.00;-0.60%;1,657.84;-0.58%;4.77%;0.09%;-0.69%;-0.67%
15-jul-12;4,985.00;0.30%;1,671.02;0.80%;4.80%;0.09%;0.21%;0.70%
22-jul-12;5,140.00;3.11%;1,684.97;0.83%;4.62%;0.09%;3.02%;0.75%
29-jul-12;5,290.00;2.92%;1,644.62;-2.39%;4.58%;0.09%;2.83%;-2.48%
5-ago-12;5,310.00;0.38%;1,661.68;1.04%;4.51%;0.08%;0.30%;0.95%
12-ago-12;5,430.00;2.26%;1,686.75;1.51%;4.53%;0.09%;2.17%;1.42%
19-ago-12;5,330.00;-1.84%;1,672.59;-0.84%;4.48%;0.08%;-1.92%;-0.92%
26-ago-12;5,270.00;-1.13%;1,668.50;-0.24%;4.52%;0.09%;-1.22%;-0.33%
2-sep-12;5,280.00;0.19%;1,689.54;1.26%;4.60%;0.09%;0.10%;1.17%
9-sep-12;5,300.00;0.38%;1,708.52;1.12%;4.43%;0.08%;0.30%;1.04%
16-sep-12;5,300.00;0.00%;1,709.38;0.05%;4.69%;0.09%;-0.09%;-0.04%
23-sep-12;5,300.00;0.00%;1,681.08;-1.66%;4.64%;0.09%;-0.09%;-1.74%
30-sep-12;5,340.00;0.75%;1,704.62;1.40%;4.60%;0.09%;0.66%;1.31%
7-oct-12;5,460.00;2.25%;1,706.50;0.11%;4.57%;0.09%;2.16%;0.02%
14-oct-12;5,710.00;4.58%;1,780.11;4.31%;4.61%;0.09%;4.49%;4.23%
21-oct-12;5,790.00;1.40%;1,830.06;2.81%;4.77%;0.09%;1.31%;2.72%
28-oct-12;5,290.00;-8.64%;1,754.39;-4.13%;4.79%;0.09%;-8.73%;-4.22%
4-nov-12;5,190.00;-1.89%;1,749.79;-0.26%;4.97%;0.09%;-1.98%;-0.36%
11-nov-12;5,280.00;1.73%;1,739.37;-0.60%;5.24%;0.10%;1.63%;-0.69%
18-nov-12;5,360.00;1.52%;1,746.28;0.40%;6.02%;0.11%;1.41%;0.28%
25-nov-12;5,290.00;-1.31%;1,759.53;0.76%;6.12%;0.11%;-1.42%;0.64%
2-dic-12;5,230.00;-1.13%;1,800.19;2.31%;6.43%;0.12%;-1.25%;2.19%
9-dic-12;5,340.00;2.10%;1,806.78;0.37%;6.40%;0.12%;1.98%;0.25%
16-dic-12;5,400.00;1.12%;1,814.73;0.44%;6.44%;0.12%;1.00%;0.32%
23-dic-12;5,460.00;1.11%;1,832.75;0.99%;6.37%;0.12%;0.99%;0.87%
30-dic-12;5,520.00;1.10%;1,848.41;0.85%;6.36%;0.12%;0.98%;0.74%
6-ene-13;5,450.00;-1.27%;1,837.01;-0.62%;6.55%;0.12%;-1.39%;-0.74%
13-ene-13;5,490.00;0.73%;1,845.22;0.45%;6.54%;0.12%;0.61%;0.32%
20-ene-13;5,600.00;2.00%;1,866.62;1.16%;6.59%;0.12%;1.88%;1.04%
27-ene-13;5,650.00;0.89%;1,878.38;0.63%;6.64%;0.12%;0.77%;0.51%
3-feb-13;5,500.00;-2.65%;1,870.73;-0.41%;6.75%;0.13%;-2.78%;-0.53%
10-feb-13;5,410.00;-1.64%;1,859.54;-0.60%;6.83%;0.13%;-1.77%;-0.73%
17-feb-13;5,240.00;-3.14%;1,851.93;-0.41%;7.00%;0.13%;-3.27%;-0.54%
24-feb-13;5,200.00;-0.76%;1,839.74;-0.66%;6.67%;0.12%;-0.88%;-0.78%
3-mar-13;5,140.00;-1.15%;1,792.26;-2.58%;6.55%;0.12%;-1.27%;-2.70%
10-mar-13;5,100.00;-0.78%;1,806.67;0.80%;6.54%;0.12%;-0.90%;0.68%
17-mar-13;5,030.00;-1.37%;1,760.05;-2.58%;6.57%;0.12%;-1.49%;-2.70%
24-mar-13;5,050.00;0.40%;1,774.86;0.84%;6.48%;0.12%;0.28%;0.72%
31-mar-13;5,020.00;-0.59%;1,758.88;-0.90%;6.18%;0.12%;-0.71%;-1.02%
7-abr-13;4,450.00;-11.35%;1,733.90;-1.42%;6.01%;0.11%;-11.46%;-1.53%
14-abr-13;4,345.00;-2.36%;1,705.98;-1.61%;6.05%;0.11%;-2.47%;-1.72%
21-abr-13;4,335.00;-0.23%;1,705.11;-0.05%;6.27%;0.12%;-0.35%;-0.17%
28-abr-13;4,320.00;-0.35%;1,698.54;-0.39%;6.09%;0.11%;-0.46%;-0.50%
5-may-13;4,135.00;-4.28%;1,654.77;-2.58%;6.10%;0.11%;-4.39%;-2.69%
12-may-13;4,075.00;-1.45%;1,689.89;2.12%;6.02%;0.11%;-1.56%;2.01%
19-may-13;4,155.00;1.96%;1,704.66;0.87%;5.88%;0.11%;1.85%;0.76%
26-may-13;4,080.00;-1.81%;1,666.25;-2.25%;5.96%;0.11%;-1.92%;-2.36%
2-jun-13;4,135.00;1.35%;1,672.83;0.39%;5.92%;0.11%;1.24%;0.28%
9-jun-13;4,000.00;-3.26%;1,636.90;-2.15%;5.96%;0.11%;-3.37%;-2.26%
16-jun-13;3,975.00;-0.63%;1,595.35;-2.54%;6.03%;0.11%;-0.74%;-2.65%
23-jun-13;4,080.00;2.64%;1,615.84;1.28%;5.94%;0.11%;2.53%;1.17%
30-jun-13;4,035.00;-1.10%;1,597.41;-1.14%;4.90%;0.09%;-1.19%;-1.23%
7-jul-13;4,060.00;0.62%;1,604.24;0.43%;6.01%;0.11%;0.51%;0.32%
14-jul-13;4,330.00;6.65%;1,685.63;5.07%;6.25%;0.12%;6.53%;4.96%
21-jul-13;4,325.00;-0.12%;1,694.34;0.52%;6.32%;0.12%;-0.24%;0.40%
28-jul-13;4,330.00;0.12%;1,721.95;1.63%;6.24%;0.12%;0.00%;1.51%
4-ago-13;4,340.00;0.23%;1,720.67;-0.07%;6.38%;0.12%;0.11%;-0.19%
11-ago-13;4,370.00;0.69%;1,727.74;0.41%;6.35%;0.12%;0.57%;0.29%
18-ago-13;4,350.00;-0.46%;1,720.68;-0.41%;6.22%;0.12%;-0.58%;-0.52%
25-ago-13;4,335.00;-0.34%;1,729.62;0.52%;6.24%;0.12%;-0.46%;0.40%
1-sep-13;4,390.00;1.27%;1,736.54;0.40%;5.81%;0.11%;1.16%;0.29%
8-sep-13;4,450.00;1.37%;1,761.31;1.43%;5.57%;0.10%;1.27%;1.32%
15-sep-13;4,440.00;-0.22%;1,767.50;0.35%;5.46%;0.10%;-0.32%;0.25%
22-sep-13;4,425.00;-0.34%;1,768.52;0.06%;5.40%;0.10%;-0.44%;-0.04%
29-sep-13;4,325.00;-2.26%;1,751.71;-0.95%;5.72%;0.11%;-2.37%;-1.06%
6-oct-13;4,385.00;1.39%;1,763.11;0.65%;5.83%;0.11%;1.28%;0.54%
13-oct-13;4,570.00;4.22%;1,781.00;1.01%;5.93%;0.11%;4.11%;0.90%
20-oct-13;4,590.00;0.44%;1,773.84;-0.40%;5.86%;0.11%;0.33%;-0.51%
27-oct-13;4,470.00;-2.61%;1,752.97;-1.18%;6.02%;0.11%;-2.72%;-1.29%
3-nov-13;4,235.00;-5.26%;1,678.18;-4.27%;5.99%;0.11%;-5.37%;-4.38%
10-nov-13;4,110.00;-2.95%;1,672.10;-0.36%;5.92%;0.11%;-3.06%;-0.47%
17-nov-13;4,045.00;-1.58%;1,655.24;-1.01%;5.89%;0.11%;-1.69%;-1.12%
24-nov-13;3,935.00;-2.72%;1,630.19;-1.51%;5.94%;0.11%;-2.83%;-1.62%
1-dic-13;4,100.00;4.19%;1,599.52;-1.88%;6.21%;0.12%;4.07%;-2.00%
8-dic-13;4,130.00;0.73%;1,638.20;2.42%;6.12%;0.11%;0.62%;2.30%
15-dic-13;3,790.00;-8.23%;1,630.43;-0.47%;6.24%;0.12%;-8.35%;-0.59%
22-dic-13;3,740.00;-1.32%;1,601.50;-1.77%;6.15%;0.11%;-1.43%;-1.89%
29-dic-13;3,650.00;-2.41%;1,601.29;-0.01%;6.18%;0.12%;-2.53%;-0.13%
5-ene-14;3,415.00;-6.44%;1,542.07;-3.70%;6.05%;0.11%;-6.55%;-3.81%
12-ene-14;3,485.00;2.05%;1,536.08;-0.39%;6.03%;0.11%;1.94%;-0.50%
19-ene-14;3,390.00;-2.73%;1,494.77;-2.69%;6.03%;0.11%;-2.84%;-2.80%
26-ene-14;3,520.00;3.83%;1,460.04;-2.32%;5.94%;0.11%;3.72%;-2.43%
2-feb-14;3,590.00;1.99%;1,499.57;2.71%;5.96%;0.11%;1.88%;2.60%
9-feb-14;3,655.00;1.81%;1,527.35;1.85%;5.92%;0.11%;1.70%;1.74%
16-feb-14;3,610.00;-1.23%;1,520.60;-0.44%;5.89%;0.11%;-1.34%;-0.55%
23-feb-14;3,500.00;-3.05%;1,520.74;0.01%;5.95%;0.11%;-3.16%;-0.10%
2-mar-14;3,630.00;3.71%;1,571.84;3.36%;5.89%;0.11%;3.60%;3.25%
9-mar-14;3,600.00;-0.83%;1,589.85;1.15%;5.97%;0.11%;-0.94%;1.03%
16-mar-14;3,720.00;3.33%;1,607.95;1.14%;6.01%;0.11%;3.22%;1.03%
23-mar-14;3,975.00;6.85%;1,673.72;4.09%;5.96%;0.11%;6.74%;3.98%
30-mar-14;3,970.00;-0.13%;1,703.12;1.76%;5.95%;0.11%;-0.24%;1.65%
6-abr-14;3,925.00;-1.13%;1,676.80;-1.55%;5.92%;0.11%;-1.24%;-1.66%
13-abr-14;3,885.00;-1.02%;1,677.73;0.06%;5.78%;0.11%;-1.13%;-0.05%
20-abr-14;3,545.00;-8.75%;1,641.46;-2.16%;5.66%;0.11%;-8.86%;-2.27%
27-abr-14;3,555.00;0.28%;1,659.54;1.10%;5.56%;0.10%;0.18%;1.00%
4-may-14;3,525.00;-0.84%;1,674.22;0.88%;5.48%;0.10%;-0.94%;0.78%
11-may-14;3,610.00;2.41%;1,685.11;0.65%;5.44%;0.10%;2.31%;0.55%
18-may-14;3,515.00;-2.63%;1,666.79;-1.09%;5.48%;0.10%;-2.73%;-1.19%
25-may-14;3,430.00;-2.42%;1,659.05;-0.46%;5.79%;0.11%;-2.53%;-0.57%
1-jun-14;3,500.00;2.04%;1,676.84;1.07%;5.96%;0.11%;1.93%;0.96%
8-jun-14;3,645.00;4.14%;1,716.81;2.38%;6.00%;0.11%;4.03%;2.27%
15-jun-14;3,480.00;-4.53%;1,725.13;0.48%;5.98%;0.11%;-4.64%;0.37%
22-jun-14;3,410.00;-2.01%;1,705.99;-1.11%;5.89%;0.11%;-2.12%;-1.22%
29-jun-14;3,320.00;-2.64%;1,704.32;-0.10%;5.60%;0.10%;-2.74%;-0.20%
6-jul-14;3,250.00;-2.11%;1,684.25;-1.18%;5.30%;0.10%;-2.21%;-1.28%
13-jul-14;3,305.00;1.69%;1,689.55;0.31%;5.20%;0.10%;1.59%;0.22%
20-jul-14;3,240.00;-1.97%;1,700.91;0.67%;5.39%;0.10%;-2.07%;0.57%
27-jul-14;3,130.00;-3.40%;1,693.06;-0.46%;5.41%;0.10%;-3.50%;-0.56%
3-ago-14;3,245.00;3.67%;1,719.88;1.58%;5.26%;0.10%;3.57%;1.49%
10-ago-14;3,135.00;-3.39%;1,722.54;0.15%;5.24%;0.10%;-3.49%;0.06%
17-ago-14;3,190.00;1.75%;1,747.13;1.43%;5.57%;0.10%;1.65%;1.32%
24-ago-14;3,325.00;4.23%;1,771.18;1.38%;5.82%;0.11%;4.12%;1.27%
31-ago-14;3,365.00;1.20%;1,761.69;-0.54%;5.67%;0.11%;1.09%;-0.64%
7-sep-14;3,345.00;-0.59%;1,734.98;-1.52%;5.76%;0.11%;-0.70%;-1.62%
14-sep-14;3,360.00;0.45%;1,739.41;0.26%;5.73%;0.11%;0.34%;0.15%
21-sep-14;3,210.00;-4.46%;1,678.00;-3.53%;5.55%;0.10%;-4.56%;-3.63%
28-sep-14;3,110.00;-3.12%;1,654.23;-1.42%;5.50%;0.10%;-3.22%;-1.52%
5-oct-14;2,920.00;-6.11%;1,601.80;-3.17%;5.45%;0.10%;-6.21%;-3.27%
12-oct-14;3,010.00;3.08%;1,617.00;0.95%;5.49%;0.10%;2.98%;0.85%
19-oct-14;2,940.00;-2.33%;1,624.17;0.44%;5.56%;0.10%;-2.43%;0.34%
26-oct-14;2,750.00;-6.46%;1,634.88;0.66%;5.57%;0.10%;-6.56%;0.56%
2-nov-14;2,690.00;-2.18%;1,638.79;0.24%;5.62%;0.11%;-2.29%;0.13%
9-nov-14;2,665.00;-0.93%;1,603.88;-2.13%;5.58%;0.10%;-1.03%;-2.23%
16-nov-14;2,715.00;1.88%;1,598.59;-0.33%;5.75%;0.11%;1.77%;-0.44%
23-nov-14;2,290.00;-15.65%;1,525.68;-4.56%;5.70%;0.11%;-15.76%;-4.67%
30-nov-14;2,175.00;-5.02%;1,500.51;-1.65%;5.77%;0.11%;-5.13%;-1.76%
7-dic-14;1,870.00;-14.02%;1,382.75;-7.85%;5.90%;0.11%;-14.13%;-7.96%
14-dic-14;2,000.00;6.95%;1,462.06;5.74%;5.98%;0.11%;6.84%;5.62%
21-dic-14;2,085.00;4.25%;1,517.25;3.77%;5.95%;0.11%;4.14%;3.66%
28-dic-14;1,955.00;-6.24%;1,483.89;-2.20%;5.92%;0.11%;-6.35%;-2.31%
4-ene-15;1,965.00;0.51%;1,426.77;-3.85%;5.82%;0.11%;0.40%;-3.96%
11-ene-15;1,880.00;-4.33%;1,376.30;-3.54%;5.86%;0.11%;-4.44%;-3.65%
18-ene-15;2,010.00;6.91%;1,423.28;3.41%;6.24%;0.12%;6.79%;3.30%
25-ene-15;1,955.00;-2.74%;1,389.00;-2.41%;6.22%;0.12%;-2.86%;-2.52%
1-feb-15;2,215.00;13.30%;1,437.03;3.46%;6.21%;0.12%;13.18%;3.34%
8-feb-15;2,200.00;-0.68%;1,397.81;-2.73%;6.36%;0.12%;-0.80%;-2.85%
15-feb-15;2,110.00;-4.09%;1,368.85;-2.07%;6.65%;0.12%;-4.21%;-2.20%
22-feb-15;2,085.00;-1.18%;1,367.58;-0.09%;7.10%;0.13%;-1.31%;-0.22%
1-mar-15;1,875.00;-10.07%;1,280.43;-6.37%;6.84%;0.13%;-10.20%;-6.50%
8-mar-15;1,880.00;0.27%;1,281.95;0.12%;7.04%;0.13%;0.14%;-0.01%
15-mar-15;1,975.00;5.05%;1,292.36;0.81%;7.12%;0.13%;4.92%;0.68%
22-mar-15;1,970.00;-0.25%;1,294.90;0.20%;7.01%;0.13%;-0.38%;0.07%
29-mar-15;2,000.00;1.52%;1,329.80;2.70%;6.96%;0.13%;1.39%;2.57%
5-abr-15;2,020.00;1.00%;1,347.80;1.35%;7.07%;0.13%;0.87%;1.22%
12-abr-15;2,060.00;1.98%;1,363.89;1.19%;7.08%;0.13%;1.85%;1.06%
19-abr-15;2,060.00;0.00%;1,374.49;0.78%;7.29%;0.14%;-0.14%;0.64%
26-abr-15;2,030.00;-1.46%;1,396.35;1.59%;7.31%;0.14%;-1.60%;1.45%
3-may-15;1,940.00;-4.43%;1,367.28;-2.08%;7.41%;0.14%;-4.57%;-2.22%
10-may-15;1,965.00;1.29%;1,357.00;-0.75%;7.51%;0.14%;1.15%;-0.89%
17-may-15;1,935.00;-1.53%;1,353.62;-0.25%;7.48%;0.14%;-1.67%;-0.39%
24-may-15;1,815.00;-6.20%;1,306.62;-3.47%;7.87%;0.15%;-6.35%;-3.62%
31-may-15;1,815.00;0.00%;1,320.31;1.05%;7.80%;0.14%;-0.14%;0.90%
7-jun-15;1,790.00;-1.38%;1,330.18;0.75%;7.65%;0.14%;-1.52%;0.61%
14-jun-15;1,635.00;-8.66%;1,307.51;-1.70%;7.72%;0.14%;-8.80%;-1.85%
21-jun-15;1,710.00;4.59%;1,321.82;1.09%;7.98%;0.15%;4.44%;0.95%
28-jun-15;1,650.00;-3.51%;1,312.67;-0.69%;7.90%;0.15%;-3.66%;-0.84%
5-jul-15;1,625.00;-1.52%;1,310.59;-0.16%;7.99%;0.15%;-1.67%;-0.31%
12-jul-15;1,610.00;-0.92%;1,309.45;-0.09%;8.00%;0.15%;-1.07%;-0.24%
19-jul-15;1,585.00;-1.55%;1,303.25;-0.47%;8.04%;0.15%;-1.70%;-0.62%
26-jul-15;1,610.00;1.58%;1,317.24;1.07%;8.41%;0.16%;1.42%;0.92%
2-ago-15;1,565.00;-2.80%;1,290.79;-2.01%;8.42%;0.16%;-2.96%;-2.16%
9-ago-15;1,510.00;-3.51%;1,269.22;-1.67%;8.16%;0.15%;-3.66%;-1.82%
16-ago-15;1,460.00;-3.31%;1,192.75;-6.02%;7.85%;0.15%;-3.46%;-6.17%
23-ago-15;1,545.00;5.82%;1,217.95;2.11%;7.62%;0.14%;5.68%;1.97%
30-ago-15;1,500.00;-2.91%;1,235.97;1.48%;7.50%;0.14%;-3.05%;1.34%
6-sep-15;1,405.00;-6.33%;1,249.58;1.10%;7.60%;0.14%;-6.47%;0.96%
13-sep-15;1,425.00;1.42%;1,248.58;-0.08%;7.51%;0.14%;1.28%;-0.22%
20-sep-15;1,350.00;-5.26%;1,215.27;-2.67%;7.71%;0.14%;-5.40%;-2.81%
27-sep-15;1,340.00;-0.74%;1,218.08;0.23%;7.73%;0.14%;-0.88%;0.09%
4-oct-15;1,500.00;11.94%;1,280.18;5.10%;7.62%;0.14%;11.80%;4.96%
11-oct-15;1,460.00;-2.67%;1,251.59;-2.23%;7.83%;0.15%;-2.82%;-2.38%
18-oct-15;1,370.00;-6.16%;1,249.12;-0.20%;7.74%;0.14%;-6.30%;-0.34%
25-oct-15;1,350.00;-1.46%;1,218.13;-2.48%;7.63%;0.14%;-1.60%;-2.62%
1-nov-15;1,410.00;4.44%;1,222.87;0.39%;7.76%;0.14%;4.30%;0.25%
8-nov-15;1,350.00;-4.26%;1,152.13;-5.78%;7.87%;0.15%;-4.41%;-5.93%
15-nov-15;1,295.00;-4.07%;1,139.17;-1.12%;7.55%;0.14%;-4.21%;-1.26%
22-nov-15;1,300.00;0.39%;1,092.95;-4.06%;7.64%;0.14%;0.25%;-4.20%
29-nov-15;1,205.00;-7.31%;1,070.93;-2.01%;7.59%;0.14%;-7.45%;-2.16%
6-dic-15;1,105.00;-8.30%;1,074.88;0.37%;7.49%;0.14%;-8.44%;0.23%
13-dic-15;1,230.00;11.31%;1,139.99;6.06%;7.07%;0.13%;11.18%;5.93%
20-dic-15;1,170.00;-4.88%;1,154.77;1.30%;7.11%;0.13%;-5.01%;1.16%
27-dic-15;1,110.00;-5.13%;1,153.71;-0.09%;7.25%;0.13%;-5.26%;-0.23%
3-ene-16;1,015.00;-8.56%;1,098.32;-4.80%;7.00%;0.13%;-8.69%;-4.93%
10-ene-16;978;-3.65%;1,103.26;0.45%;7.31%;0.14%;-3.79%;0.31%
17-ene-16;1,020.00;4.29%;1,151.62;4.38%;7.29%;0.14%;4.15%;4.25%
24-ene-16;1,030.00;0.98%;1,175.09;2.04%;7.29%;0.14%;0.84%;1.90%
31-ene-16;1,045.00;1.46%;1,195.11;1.70%;7.13%;0.13%;1.33%;1.57%
7-feb-16;1,065.00;1.91%;1,209.03;1.16%;7.06%;0.13%;1.78%;1.03%
14-feb-16;1,130.00;6.10%;1,234.93;2.14%;6.99%;0.13%;5.97%;2.01%
21-feb-16;1,160.00;2.65%;1,246.68;0.95%;6.80%;0.13%;2.52%;0.82%
28-feb-16;1,365.00;17.67%;1,294.86;3.86%;6.87%;0.13%;17.54%;3.74%
6-mar-16;1,360.00;-0.37%;1,302.71;0.61%;6.71%;0.12%;-0.49%;0.48%
13-mar-16;1,325.00;-2.57%;1,309.81;0.55%;6.68%;0.12%;-2.69%;0.42%
20-mar-16;1,340.00;1.13%;1,321.05;0.86%;6.80%;0.13%;1.00%;0.73%
27-mar-16;1,300.00;-2.99%;1,333.63;0.95%;6.73%;0.13%;-3.12%;0.83%
3-abr-16;1,280.00;-1.54%;1,326.57;-0.53%;6.81%;0.13%;-1.67%;-0.66%
10-abr-16;1,350.00;5.47%;1,355.20;2.16%;6.87%;0.13%;5.34%;2.03%
17-abr-16;1,435.00;6.30%;1,374.41;1.42%;6.88%;0.13%;6.17%;1.29%
24-abr-16;1,415.00;-1.39%;1,342.42;-2.33%;7.33%;0.14%;-1.53%;-2.46%
1-may-16;1,395.00;-1.41%;1,293.03;-3.68%;7.30%;0.14%;-1.55%;-3.81%
8-may-16;1,405.00;0.72%;1,350.36;4.43%;7.06%;0.13%;0.59%;4.30%
15-may-16;1,400.00;-0.36%;1,322.44;-2.07%;6.96%;0.13%;-0.49%;-2.20%
22-may-16;1,395.00;-0.36%;1,302.36;-1.52%;6.98%;0.13%;-0.49%;-1.65%
29-may-16;1,370.00;-1.79%;1,307.83;0.42%;7.00%;0.13%;-1.92%;0.29%
5-jun-16;1,410.00;2.92%;1,320.48;0.97%;6.67%;0.12%;2.80%;0.84%
12-jun-16;1,415.00;0.35%;1,308.41;-0.91%;6.69%;0.12%;0.23%;-1.04%
19-jun-16;1,400.00;-1.06%;1,317.71;0.71%;6.33%;0.12%;-1.18%;0.59%
26-jun-16;1,405.00;0.36%;1,312.98;-0.36%;6.49%;0.12%;0.24%;-0.48%
3-jul-16;1,350.00;-3.91%;1,297.64;-1.17%;6.57%;0.12%;-4.03%;-1.29%
10-jul-16;1,400.00;3.70%;1,339.60;3.23%;6.38%;0.12%;3.58%;3.11%
17-jul-16;1,360.00;-2.86%;1,332.85;-0.50%;6.48%;0.12%;-2.98%;-0.62%
24-jul-16;1,300.00;-4.41%;1,308.22;-1.85%;6.47%;0.12%;-4.53%;-1.97%
31-jul-16;1,230.00;-5.38%;1,309.48;0.10%;6.68%;0.12%;-5.50%;-0.03%
7-ago-16;1,220.00;-0.81%;1,323.66;1.08%;6.54%;0.12%;-0.93%;0.96%
14-ago-16;1,320.00;8.20%;1,349.79;1.97%;6.61%;0.12%;8.08%;1.85%
21-ago-16;1,320.00;0.00%;1,373.42;1.75%;6.69%;0.12%;-0.12%;1.63%
28-ago-16;1,320.00;0.00%;1,394.38;1.53%;6.42%;0.12%;-0.12%;1.41%
4-sep-16;1,360.00;3.03%;1,397.90;0.25%;6.30%;0.12%;2.91%;0.13%
11-sep-16;1,230.00;-9.56%;1,354.63;-3.10%;6.23%;0.12%;-9.68%;-3.21%
18-sep-16;1,215.00;-1.22%;1,351.60;-0.22%;6.18%;0.12%;-1.34%;-0.34%
25-sep-16;1,250.00;2.88%;1,338.83;-0.94%;6.22%;0.12%;2.76%;-1.06%
2-oct-16;1,315.00;5.20%;1,348.20;0.70%;5.99%;0.11%;5.09%;0.59%
9-oct-16;1,315.00;0.00%;1,346.07;-0.16%;5.81%;0.11%;-0.11%;-0.27%
16-oct-16;1,345.00;2.28%;1,362.97;1.26%;5.90%;0.11%;2.17%;1.15%
23-oct-16;1,315.00;-2.23%;1,360.96;-0.15%;6.00%;0.11%;-2.34%;-0.26%
30-oct-16;1,300.00;-1.14%;1,345.66;-1.12%;5.90%;0.11%;-1.25%;-1.23%
6-nov-16;1,270.00;-2.31%;1,299.03;-3.47%;5.87%;0.11%;-2.42%;-3.57%
13-nov-16;1,280.00;0.79%;1,307.44;0.65%;5.69%;0.11%;0.68%;0.54%
20-nov-16;1,290.00;0.78%;1,295.67;-0.90%;5.82%;0.11%;0.67%;-1.01%
27-nov-16;1,320.00;2.33%;1,306.56;0.84%;5.95%;0.11%;2.22%;0.73%
4-dic-16;1,320.00;0.00%;1,324.80;1.40%;5.88%;0.11%;-0.11%;1.29%
11-dic-16;1,380.00;4.55%;1,341.58;1.27%;5.88%;0.11%;4.44%;1.16%
18-dic-16;1,335.00;-3.26%;1,330.31;-0.84%;6.25%;0.12%;-3.38%;-0.96%
25-dic-16;1,380.00;3.37%;1,351.68;1.61%;6.09%;0.11%;3.26%;1.49%
1-ene-17;1,395.00;1.09%;1,374.08;1.66%;6.17%;0.12%;0.97%;1.54%
8-ene-17;1,405.00;0.72%;1,369.62;-0.32%;6.25%;0.12%;0.60%;-0.44%
15-ene-17;1,385.00;-1.42%;1,354.35;-1.11%;6.33%;0.12%;-1.54%;-1.23%
22-ene-17;1,390.00;0.36%;1,372.59;1.35%;6.20%;0.12%;0.24%;1.23%
29-ene-17;1,385.00;-0.36%;1,369.79;-0.20%;6.16%;0.12%;-0.48%;-0.32%
5-feb-17;1,380.00;-0.36%;1,347.40;-1.63%;6.12%;0.11%;-0.47%;-1.75%
12-feb-17;1,350.00;-2.17%;1,341.83;-0.41%;6.11%;0.11%;-2.28%;-0.53%
19-feb-17;1,320.00;-2.22%;1,333.57;-0.62%;5.99%;0.11%;-2.33%;-0.73%
26-feb-17;1,320.00;0.00%;1,329.58;-0.30%;5.94%;0.11%;-0.11%;-0.41%
5-mar-17;1,315.00;-0.38%;1,335.67;0.46%;5.94%;0.11%;-0.49%;0.35%
12-mar-17;1,300.00;-1.14%;1,337.29;0.12%;6.00%;0.11%;-1.25%;0.01%
19-mar-17;1,315.00;1.15%;1,355.53;1.36%;5.97%;0.11%;1.04%;1.25%
26-mar-17;1,350.00;2.66%;1,365.61;0.74%;5.91%;0.11%;2.55%;0.63%
2-abr-17;1,365.00;1.11%;1,368.98;0.25%;5.97%;0.11%;1.00%;0.14%
9-abr-17;1,400.00;2.56%;1,378.28;0.68%;6.02%;0.11%;2.45%;0.57%
16-abr-17;1,365.00;-2.50%;1,362.33;-1.16%;6.10%;0.11%;-2.61%;-1.27%
23-abr-17;1,360.00;-0.37%;1,371.54;0.68%;6.02%;0.11%;-0.48%;0.56%
30-abr-17;1,365.00;0.37%;1,384.92;0.98%;5.93%;0.11%;0.26%;0.86%
7-may-17;1,445.00;5.86%;1,443.56;4.23%;5.79%;0.11%;5.75%;4.13%
14-may-17;1,435.00;-0.69%;1,436.19;-0.51%;5.74%;0.11%;-0.80%;-0.62%
21-may-17;1,395.00;-2.79%;1,448.93;0.89%;5.72%;0.11%;-2.90%;0.78%
28-may-17;1,335.00;-4.30%;1,441.81;-0.49%;5.65%;0.11%;-4.41%;-0.60%
4-jun-17;1,370.00;2.62%;1,450.45;0.60%;5.75%;0.11%;2.51%;0.49%
11-jun-17;1,365.00;-0.36%;1,464.77;0.99%;5.70%;0.11%;-0.47%;0.88%
18-jun-17;1,340.00;-1.83%;1,435.12;-2.02%;5.64%;0.11%;-1.94%;-2.13%
25-jun-17;1,380.00;2.99%;1,462.90;1.94%;5.70%;0.11%;2.88%;1.83%
2-jul-17;1,355.00;-1.81%;1,470.32;0.51%;5.71%;0.11%;-1.92%;0.40%
9-jul-17;1,400.00;3.32%;1,487.80;1.19%;5.66%;0.11%;3.21%;1.08%
16-jul-17;1,375.00;-1.79%;1,471.34;-1.11%;5.82%;0.11%;-1.90%;-1.22%
23-jul-17;1,395.00;1.45%;1,486.79;1.05%;5.88%;0.11%;1.34%;0.94%
30-jul-17;1,385.00;-0.72%;1,476.47;-0.69%;5.85%;0.11%;-0.83%;-0.80%
6-ago-17;1,365.00;-1.44%;1,463.07;-0.91%;5.79%;0.11%;-1.55%;-1.02%
13-ago-17;1,370.00;0.37%;1,477.21;0.97%;5.97%;0.11%;0.26%;0.85%
20-ago-17;1,360.00;-0.73%;1,475.17;-0.14%;5.89%;0.11%;-0.84%;-0.25%
27-ago-17;1,370.00;0.74%;1,494.17;1.29%;5.77%;0.11%;0.63%;1.18%
3-sep-17;1,360.00;-0.73%;1,499.58;0.36%;5.78%;0.11%;-0.84%;0.25%
10-sep-17;1,370.00;0.74%;1,492.96;-0.44%;5.65%;0.11%;0.63%;-0.55%
17-sep-17;1,380.00;0.73%;1,486.15;-0.46%;6.01%;0.11%;0.62%;-0.57%
24-sep-17;1,400.00;1.45%;1,487.52;0.09%;5.93%;0.11%;1.34%;-0.02%
1-oct-17;1,400.00;0.00%;1,491.47;0.27%;5.90%;0.11%;-0.11%;0.16%
8-oct-17;1,430.00;2.14%;1,486.35;-0.34%;5.93%;0.11%;2.03%;-0.45%
15-oct-17;1,445.00;1.05%;1,464.99;-1.44%;5.98%;0.11%;0.94%;-1.55%
22-oct-17;1,610.00;11.42%;1,445.07;-1.36%;6.02%;0.11%;11.31%;-1.47%
29-oct-17;1,700.00;5.59%;1,418.58;-1.83%;6.18%;0.12%;5.47%;-1.95%
5-nov-17;1,810.00;6.47%;1,434.36;1.11%;6.10%;0.11%;6.36%;1.00%
12-nov-17;1,750.00;-3.31%;1,443.55;0.64%;6.07%;0.11%;-3.42%;0.53%
19-nov-17;1,760.00;0.57%;1,449.66;0.42%;6.11%;0.11%;0.46%;0.31%
26-nov-17;1,775.00;0.85%;1,449.85;0.01%;6.14%;0.11%;0.74%;-0.10%
3-dic-17;1,780.00;0.28%;1,449.35;-0.03%;6.16%;0.12%;0.16%;-0.15%
10-dic-17;1,935.00;8.71%;1,465.02;1.08%;6.18%;0.12%;8.59%;0.97%
17-dic-17;2,025.00;4.65%;1,493.93;1.97%;6.14%;0.11%;4.54%;1.86%
24-dic-17;2,210.00;9.14%;1,513.65;1.32%;6.16%;0.12%;9.02%;1.20%
31-dic-17;2,500.00;13.12%;1,545.57;2.11%;6.18%;0.12%;13.00%;1.99%
7-ene-18;2,375.00;-5.00%;1,521.41;-1.56%;6.21%;0.12%;-5.12%;-1.68%
14-ene-18;2,465.00;3.79%;1,551.04;1.95%;6.26%;0.12%;3.67%;1.83%
21-ene-18;2,760.00;11.97%;1,592.82;2.69%;6.23%;0.12%;11.85%;2.58%
28-ene-18;2,665.00;-3.44%;1,567.74;-1.57%;6.24%;0.12%;-3.56%;-1.69%
4-feb-18;2,445.00;-8.26%;1,500.99;-4.26%;6.20%;0.12%;-8.38%;-4.37%
11-feb-18;2,485.00;1.64%;1,520.71;1.31%;6.26%;0.12%;1.52%;1.20%
18-feb-18;2,625.00;5.63%;1,532.60;0.78%;6.31%;0.12%;5.51%;0.66%
25-feb-18;2,480.00;-5.52%;1,456.38;-4.97%;6.33%;0.12%;-5.64%;-5.09%
4-mar-18;2,505.00;1.01%;1,482.10;1.77%;6.30%;0.12%;0.89%;1.65%
11-mar-18;2,590.00;3.39%;1,475.75;-0.43%;6.28%;0.12%;3.27%;-0.55%
18-mar-18;2,700.00;4.25%;1,459.06;-1.13%;6.38%;0.12%;4.13%;-1.25%
25-mar-18;2,615.00;-3.15%;1,455.52;-0.24%;6.46%;0.12%;-3.27%;-0.36%
1-abr-18;2,730.00;4.40%;1,520.76;4.48%;6.36%;0.12%;4.28%;4.36%
8-abr-18;2,835.00;3.85%;1,538.44;1.16%;6.50%;0.12%;3.73%;1.04%
15-abr-18;3,030.00;6.88%;1,561.45;1.50%;6.45%;0.12%;6.76%;1.38%
22-abr-18;3,070.00;1.32%;1,566.45;0.32%;6.49%;0.12%;1.20%;0.20%
29-abr-18;3,095.00;0.81%;1,547.04;-1.24%;6.41%;0.12%;0.69%;-1.36%
6-may-18;3,135.00;1.29%;1,550.08;0.20%;6.38%;0.12%;1.17%;0.08%
13-may-18;3,150.00;0.48%;1,520.52;-1.91%;6.33%;0.12%;0.36%;-2.03%
20-may-18;2,955.00;-6.19%;1,526.36;0.38%;6.25%;0.12%;-6.31%;0.27%
27-may-18;3,110.00;5.25%;1,564.47;2.50%;6.22%;0.12%;5.13%;2.38%
3-jun-18;3,045.00;-2.09%;1,547.96;-1.06%;6.12%;0.11%;-2.20%;-1.17%
10-jun-18;2,960.00;-2.79%;1,541.23;-0.43%;6.14%;0.11%;-2.90%;-0.55%
17-jun-18;2,880.00;-2.70%;1,522.79;-1.20%;6.17%;0.12%;-2.82%;-1.31%
24-jun-18;3,025.00;5.03%;1,577.01;3.56%;6.12%;0.11%;4.92%;3.45%
1-jul-18;2,935.00;-2.98%;1,557.59;-1.23%;6.16%;0.12%;-3.10%;-1.35%
8-jul-18;2,965.00;1.02%;1,546.75;-0.70%;6.17%;0.12%;0.90%;-0.81%
15-jul-18;2,950.00;-0.51%;1,547.34;0.04%;6.03%;0.11%;-0.62%;-0.07%
22-jul-18;2,985.00;1.19%;1,536.13;-0.72%;6.01%;0.11%;1.08%;-0.84%
29-jul-18;3,095.00;3.69%;1,531.96;-0.27%;5.97%;0.11%;3.58%;-0.38%
5-ago-18;3,070.00;-0.81%;1,524.96;-0.46%;5.97%;0.11%;-0.92%;-0.57%
12-ago-18;3,095.00;0.81%;1,528.58;0.24%;6.00%;0.11%;0.70%;0.13%
19-ago-18;3,270.00;5.65%;1,538.70;0.66%;5.86%;0.11%;5.54%;0.55%
26-ago-18;3,420.00;4.59%;1,542.77;0.26%;5.79%;0.11%;4.48%;0.16%
2-sep-18;3,410.00;-0.29%;1,475.90;-4.33%;5.71%;0.11%;-0.40%;-4.44%
9-sep-18;3,790.00;11.14%;1,498.21;1.51%;5.74%;0.11%;11.03%;1.40%
16-sep-18;3,680.00;-2.90%;1,482.99;-1.02%;5.77%;0.11%;-3.01%;-1.12%
23-sep-18;4,030.00;9.51%;1,506.07;1.56%;5.71%;0.11%;9.40%;1.45%
30-sep-18;4,015.00;-0.37%;1,494.99;-0.74%;5.73%;0.11%;-0.48%;-0.84%
7-oct-18;3,950.00;-1.62%;1,462.71;-2.16%;5.84%;0.11%;-1.73%;-2.27%
14-oct-18;3,950.00;0.00%;1,452.38;-0.71%;5.91%;0.11%;-0.11%;-0.82%
21-oct-18;3,755.00;-4.94%;1,397.17;-3.80%;5.79%;0.11%;-5.05%;-3.91%
28-oct-18;3,430.00;-8.66%;1,390.97;-0.44%;5.84%;0.11%;-8.77%;-0.55%
4-nov-18;3,440.00;0.29%;1,419.91;2.08%;5.79%;0.11%;0.18%;1.97%
11-nov-18;3,275.00;-4.80%;1,436.90;1.20%;5.68%;0.11%;-4.91%;1.09%
18-nov-18;3,020.00;-7.79%;1,370.91;-4.59%;5.52%;0.10%;-7.89%;-4.70%
25-nov-18;3,105.00;2.81%;1,379.24;0.61%;5.32%;0.10%;2.71%;0.51%
2-dic-18;3,100.00;-0.16%;1,382.45;0.23%;5.23%;0.10%;-0.26%;0.13%
9-dic-18;2,940.00;-5.16%;1,359.31;-1.67%;5.17%;0.10%;-5.26%;-1.77%
16-dic-18;2,665.00;-9.35%;1,301.86;-4.23%;5.07%;0.10%;-9.45%;-4.32%
23-dic-18;2,645.00;-0.75%;1,325.93;1.85%;5.16%;0.10%;-0.85%;1.75%
30-dic-18;2,800.00;5.86%;1,356.75;2.32%;5.03%;0.09%;5.77%;2.23%
6-ene-19;2,900.00;3.57%;1,388.38;2.33%;4.99%;0.09%;3.48%;2.24%
13-ene-19;2,895.00;-0.17%;1,392.95;0.33%;5.13%;0.10%;-0.27%;0.23%
20-ene-19;2,860.00;-1.21%;1,425.47;2.33%;5.16%;0.10%;-1.31%;2.24%
27-ene-19;2,935.00;2.62%;1,462.03;2.56%;5.05%;0.09%;2.53%;2.47%
3-feb-19;2,865.00;-2.39%;1,468.77;0.46%;5.15%;0.10%;-2.49%;0.36%
10-feb-19;3,055.00;6.63%;1,488.84;1.37%;5.20%;0.10%;6.53%;1.27%
17-feb-19;3,080.00;0.82%;1,491.74;0.19%;5.11%;0.10%;0.72%;0.10%
24-feb-19;3,165.00;2.76%;1,515.35;1.58%;5.16%;0.10%;2.66%;1.49%
3-mar-19;3,135.00;-0.95%;1,503.01;-0.81%;5.04%;0.09%;-1.04%;-0.91%
10-mar-19;3,400.00;8.45%;1,579.72;5.10%;5.06%;0.09%;8.36%;5.01%
17-mar-19;3,430.00;0.88%;1,597.19;1.11%;5.03%;0.09%;0.79%;1.01%
24-mar-19;3,415.00;-0.44%;1,587.74;-0.59%;5.11%;0.10%;-0.54%;-0.69%
31-mar-19;3,360.00;-1.61%;1,599.83;0.76%;5.15%;0.10%;-1.71%;0.66%
7-abr-19;3,275.00;-2.53%;1,604.97;0.32%;5.15%;0.10%;-2.63%;0.22%
14-abr-19;3,030.00;-7.48%;1,574.31;-1.91%;5.15%;0.10%;-7.58%;-2.01%
21-abr-19;3,005.00;-0.83%;1,597.75;1.49%;5.30%;0.10%;-0.93%;1.39%
28-abr-19;2,925.00;-2.66%;1,555.38;-2.65%;5.38%;0.10%;-2.76%;-2.75%
5-may-19;3,070.00;4.96%;1,550.38;-0.32%;5.47%;0.10%;4.86%;-0.42%
12-may-19;3,070.00;0.00%;1,500.05;-3.25%;5.52%;0.10%;-0.10%;-3.35%
19-may-19;3,000.00;-2.28%;1,489.41;-0.71%;5.33%;0.10%;-2.38%;-0.81%
26-may-19;2,765.00;-7.83%;1,487.00;-0.16%;5.32%;0.10%;-7.93%;-0.26%
2-jun-19;2,875.00;3.98%;1,509.82;1.53%;5.30%;0.10%;3.88%;1.44%
9-jun-19;2,790.00;-2.96%;1,526.36;1.10%;5.32%;0.10%;-3.06%;1.00%
16-jun-19;3,020.00;8.24%;1,560.19;2.22%;5.33%;0.10%;8.14%;2.12%
23-jun-19;2,920.00;-3.31%;1,548.98;-0.72%;5.15%;0.10%;-3.41%;-0.82%
30-jun-19;3,020.00;3.42%;1,579.19;1.95%;5.13%;0.10%;3.32%;1.85%
7-jul-19;3,070.00;1.66%;1,605.15;1.64%;5.09%;0.10%;1.56%;1.55%
14-jul-19;3,010.00;-1.95%;1,600.39;-0.30%;5.04%;0.09%;-2.04%;-0.39%
21-jul-19;2,980.00;-1.00%;1,580.56;-1.24%;5.01%;0.09%;-1.09%;-1.33%
28-jul-19;2,900.00;-2.68%;1,543.38;-2.35%;4.94%;0.09%;-2.77%;-2.45%
4-ago-19;2,835.00;-2.24%;1,537.80;-0.36%;4.91%;0.09%;-2.33%;-0.45%
11-ago-19;2,750.00;-3.00%;1,542.81;0.33%;5.11%;0.10%;-3.10%;0.23%
18-ago-19;2,615.00;-4.91%;1,505.29;-2.43%;4.95%;0.09%;-5.00%;-2.52%
25-ago-19;2,740.00;4.78%;1,559.52;3.60%;7.20%;0.13%;4.65%;3.47%
1-sep-19;2,830.00;3.28%;1,567.53;0.51%;7.30%;0.14%;3.14%;0.38%
8-sep-19;2,900.00;2.47%;1,580.60;0.83%;5.90%;0.11%;2.36%;0.72%
15-sep-19;3,010.00;3.79%;1,594.22;0.86%;6.30%;0.12%;3.67%;0.74%
22-sep-19;2,990.00;-0.66%;1,584.99;-0.58%;6.25%;0.12%;-0.78%;-0.70%
29-sep-19;2,940.00;-1.67%;1,593.05;0.51%;5.33%;0.10%;-1.77%;0.41%
6-oct-19;2,995.00;1.87%;1,590.86;-0.14%;5.26%;0.10%;1.77%;-0.24%
13-oct-19;2,915.00;-2.67%;1,578.61;-0.77%;5.21%;0.10%;-2.77%;-0.87%
20-oct-19;3,045.00;4.46%;1,628.55;3.16%;4.59%;0.09%;4.37%;3.08%
27-oct-19;3,090.00;1.48%;1,645.88;1.06%;4.45%;0.08%;1.40%;0.98%
3-nov-19;3,130.00;1.29%;1,636.23;-0.59%;4.05%;0.08%;1.21%;-0.66%
10-nov-19;3,145.00;0.48%;1,627.25;-0.55%;3.95%;0.07%;0.41%;-0.62%
17-nov-19;3,170.00;0.79%;1,613.84;-0.82%;4.03%;0.08%;0.71%;-0.90%
24-nov-19;3,290.00;3.79%;1,611.92;-0.12%;4.30%;0.08%;3.71%;-0.20%
1-dic-19;3,300.00;0.30%;1,611.67;-0.02%;4.69%;0.09%;0.21%;-0.10%
8-dic-19;3,325.00;0.76%;1,630.80;1.19%;4.65%;0.09%;0.67%;1.10%
15-dic-19;3,320.00;-0.15%;1,642.86;0.74%;4.25%;0.08%;-0.23%;0.66%
22-dic-19;3,340.00;0.60%;1,661.21;1.12%;4.13%;0.08%;0.52%;1.04%
29-dic-19;3,380.00;1.20%;1,676.49;0.92%;4.08%;0.08%;1.12%;0.84%
5-ene-20;3,400.00;0.59%;1,654.93;-1.29%;4.10%;0.08%;0.51%;-1.36%
12-ene-20;3,385.00;-0.44%;1,656.04;0.07%;4.09%;0.08%;-0.52%;-0.01%
19-ene-20;3,290.00;-2.81%;1,647.91;-0.49%;4.00%;0.08%;-2.89%;-0.57%
26-ene-20;3,180.00;-3.34%;1,623.83;-1.46%;4.30%;0.08%;-3.42%;-1.54%
2-feb-20;3,215.00;1.10%;1,654.70;1.90%;4.27%;0.08%;1.02%;1.82%
9-feb-20;3,325.00;3.42%;1,664.40;0.59%;4.37%;0.08%;3.34%;0.50%
16-feb-20;3,425.00;3.01%;1,631.45;-1.98%;4.91%;0.09%;2.92%;-2.07%
23-feb-20;3,105.00;-9.34%;1,549.61;-5.02%;5.11%;0.10%;-9.44%;-5.11%
1-mar-20;2,965.00;-4.51%;1,502.84;-3.02%;4.95%;0.09%;-4.60%;-3.11%
8-mar-20;1,940.00;-34.57%;1,174.31;-21.86%;7.20%;0.13%;-34.70%;-21.99%
15-mar-20;1,485.00;-23.45%;919.59;-21.69%;7.30%;0.14%;-23.59%;-21.83%
22-mar-20;1,860.00;25.25%;1,147.54;24.79%;5.90%;0.11%;25.14%;24.68%
29-mar-20;2,270.00;22.04%;1,127.55;-1.74%;6.30%;0.12%;21.92%;-1.86%
5-abr-20;2,360.00;3.96%;1,187.13;5.28%;6.25%;0.12%;3.84%;5.17%
12-abr-20;1,950.00;-17.37%;1,192.08;0.42%;5.33%;0.10%;-17.47%;0.32%
19-abr-20;1,910.00;-2.05%;1,122.37;-5.85%;5.26%;0.10%;-2.15%;-5.95%
26-abr-20;2,090.00;9.42%;1,142.04;1.75%;5.21%;0.10%;9.32%;1.65%
3-may-20;2,040.00;-2.39%;1,110.26;-2.78%;4.59%;0.09%;-2.48%;-2.87%
10-may-20;1,930.00;-5.39%;1,053.75;-5.09%;4.45%;0.08%;-5.47%;-5.17%
17-may-20;1,970.00;2.07%;1,057.66;0.37%;4.05%;0.08%;1.99%;0.29%
24-may-20;1,990.00;1.02%;1,095.84;3.61%;3.95%;0.07%;0.95%;3.54%
31-may-20;2,345.00;17.84%;1,203.07;9.79%;4.03%;0.08%;17.76%;9.71%
7-jun-20;2,125.00;-9.38%;1,143.13;-4.98%;4.30%;0.08%;-9.46%;-5.06%
14-jun-20;2,140.00;0.71%;1,161.41;1.60%;4.69%;0.09%;0.62%;1.51%
21-jun-20;2,070.00;-3.27%;1,110.65;-4.37%;4.65%;0.09%;-3.36%;-4.46%
28-jun-20;2,100.00;1.45%;1,125.26;1.32%;4.25%;0.08%;1.37%;1.24%
5-jul-20;2,080.00;-0.95%;1,147.78;2.00%;4.13%;0.08%;-1.03%;1.92%
12-jul-20;2,220.00;6.73%;1,156.16;0.73%;4.08%;0.08%;6.65%;0.65%
19-jul-20;2,220.00;0.00%;1,173.93;1.54%;4.10%;0.08%;-0.08%;1.46%
26-jul-20;2,080.00;-6.31%;1,134.34;-3.37%;4.09%;0.08%;-6.39%;-3.45%
2-ago-20;2,170.00;4.33%;1,142.18;0.69%;4.00%;0.08%;4.25%;0.62%
9-ago-20;2,200.00;1.38%;1,153.28;0.97%;4.30%;0.08%;1.30%;0.89%
16-ago-20;2,180.00;-0.91%;1,186.29;2.86%;4.27%;0.08%;-0.99%;2.78%
23-ago-20;2,175.00;-0.23%;1,226.21;3.37%;4.38%;0.08%;-0.31%;3.29%
30-ago-20;2,145.00;-1.38%;1,240.24;1.14%;4.17%;0.08%;-1.46%;1.06%
6-sep-20;2,025.00;-5.59%;1,212.45;-2.24%;4.19%;0.08%;-5.67%;-2.32%
13-sep-20;2,115.00;4.44%;1,206.55;-0.49%;4.14%;0.08%;4.36%;-0.57%
20-sep-20;1,920.00;-9.22%;1,171.35;-2.92%;4.28%;0.08%;-9.30%;-3.00%
27-sep-20;1,910.00;-0.52%;1,165.01;-0.54%;4.17%;0.08%;-0.60%;-0.62%
4-oct-20;1,938.00;1.47%;1,190.01;2.15%;4.22%;0.08%;1.39%;2.07%
11-oct-20;1,880.00;-2.99%;1,171.80;-1.53%;4.15%;0.08%;-3.07%;-1.61%
18-oct-20;1,860.00;-1.06%;1,175.33;0.30%;4.18%;0.08%;-1.14%;0.22%
25-oct-20;1,791.00;-3.71%;1,136.75;-3.28%;4.25%;0.08%;-3.79%;-3.36%
1-nov-20;1,833.00;2.35%;1,172.34;3.13%;4.08%;0.08%;2.27%;3.05%
8-nov-20;2,000.00;9.11%;1,209.87;3.20%;4.08%;0.08%;9.03%;3.12%
15-nov-20;2,153.00;7.65%;1,239.74;2.47%;3.97%;0.07%;7.58%;2.40%
22-nov-20;2,172.00;0.88%;1,261.74;1.77%;4.05%;0.08%;0.80%;1.69%
29-nov-20;2,213.00;1.89%;1,341.23;6.30%;4.10%;0.08%;1.81%;6.22%
6-dic-20;2,310.00;4.38%;1,377.67;2.72%;4.08%;0.08%;4.30%;2.64%
13-dic-20;2,326.00;0.69%;1,426.47;3.54%;4.07%;0.08%;0.61%;3.46%
20-dic-20;2,287.00;-1.68%;1,422.21;-0.30%;4.06%;0.08%;-1.76%;-0.38%
27-dic-20;2,245.00;-1.84%;1,437.89;1.10%;4.05%;0.08%;-1.92%;1.02%
3-ene-21;2,399.00;6.86%;1,453.12;1.06%;3.96%;0.07%;6.79%;0.99%
10-ene-21;2,420.00;0.88%;1,452.58;-0.04%;3.95%;0.07%;0.81%;-0.11%
17-ene-21;2,354.00;-2.73%;1,418.98;-2.31%;3.88%;0.07%;-2.80%;-2.38%
24-ene-21;2,030.00;-13.76%;1,348.12;-4.99%;3.77%;0.07%;-13.83%;-5.06%
31-ene-21;2,155.00;6.16%;1,370.46;1.66%;3.78%;0.07%;6.09%;1.59%
7-feb-21;2,150.00;-0.23%;1,365.95;-0.33%;3.73%;0.07%;-0.30%;-0.40%
14-feb-21;2,165.00;0.70%;1,352.57;-0.98%;3.99%;0.08%;0.62%;-1.06%
21-feb-21;2,250.00;3.93%;1,359.48;0.51%;4.39%;0.08%;3.85%;0.43%
28-feb-21;2,400.00;6.67%;1,344.72;-1.09%;4.65%;0.09%;6.58%;-1.18%
7-mar-21;2,378.00;-0.92%;1,353.68;0.67%;4.64%;0.09%;-1.01%;0.58%
14-mar-21;2,370.00;-0.34%;1,324.54;-2.15%;5.33%;0.10%;-0.44%;-2.25%
21-mar-21;2,351.00;-0.80%;1,314.46;-0.76%;5.53%;0.10%;-0.90%;-0.86%
28-mar-21;2,366.00;0.64%;1,316.81;0.18%;5.65%;0.11%;0.53%;0.07%
4-abr-21;2,260.00;-4.48%;1,322.11;0.40%;5.33%;0.10%;-4.58%;0.30%
11-abr-21;2,301.00;1.81%;1,317.08;-0.38%;5.31%;0.10%;1.71%;-0.48%
18-abr-21;2,228.00;-3.17%;1,282.21;-2.65%;5.34%;0.10%;-3.27%;-2.75%
25-abr-21;2,210.00;-0.81%;1,250.65;-2.46%;5.64%;0.11%;-0.92%;-2.57%
2-may-21;2,288.00;3.53%;1,281.93;2.50%;5.86%;0.11%;3.42%;2.39%
9-may-21;2,387.00;4.33%;1,289.75;0.61%;5.77%;0.11%;4.22%;0.50%
16-may-21;2,285.00;-4.27%;1,244.08;-3.54%;5.94%;0.11%;-4.38%;-3.65%
23-may-21;2,211.00;-3.24%;1,206.63;-3.01%;5.87%;0.11%;-3.35%;-3.12%
30-may-21;2,355.00;6.51%;1,245.44;3.22%;5.70%;0.11%;6.40%;3.11%
6-jun-21;2,391.00;1.53%;1,261.61;1.30%;5.89%;0.11%;1.42%;1.19%
13-jun-21;2,397.00;0.25%;1,257.29;-0.34%;5.85%;0.11%;0.14%;-0.45%
20-jun-21;2,770.00;15.56%;1,284.20;2.14%;6.18%;0.12%;15.44%;2.02%
27-jun-21;2,851.00;2.92%;1,289.38;0.40%;6.11%;0.11%;2.81%;0.29%
4-jul-21;2,761.00;-3.16%;1,293.02;0.28%;6.00%;0.11%;-3.27%;0.17%
11-jul-21;2,560.00;-7.28%;1,272.49;-1.59%;6.07%;0.11%;-7.39%;-1.70%
18-jul-21;2,551.00;-0.35%;1,254.24;-1.43%;6.04%;0.11%;-0.46%;-1.54%
25-jul-21;2,633.00;3.21%;1,236.73;-1.40%;6.06%;0.11%;3.10%;-1.51%
1-ago-21;2,547.00;-3.27%;1,226.59;-0.82%;6.12%;0.11%;-3.38%;-0.93%
8-ago-21;2,586.00;1.53%;1,268.79;3.44%;6.13%;0.11%;1.42%;3.33%
15-ago-21;2,536.00;-1.93%;1,326.91;4.58%;6.18%;0.12%;-2.05%;4.46%
22-ago-21;2,660.00;4.89%;1,325.51;-0.11%;6.11%;0.11%;4.78%;-0.22%
29-ago-21;2,635.00;-0.94%;1,327.47;0.15%;6.13%;0.11%;-1.05%;0.04%
5-sep-21;2,553.00;-3.11%;1,320.52;-0.52%;6.24%;0.12%;-3.23%;-0.64%
12-sep-21;2,566.00;0.51%;1,321.85;0.10%;6.49%;0.12%;0.39%;-0.02%
19-sep-21;2,550.00;-0.62%;1,309.38;-0.94%;6.70%;0.12%;-0.74%;-1.06%
26-sep-21;2,769.00;8.59%;1,370.25;4.65%;6.53%;0.12%;8.47%;4.53%
3-oct-21;2,908.00;5.02%;1,401.00;2.24%;6.58%;0.12%;4.90%;2.12%
10-oct-21;2,960.00;1.79%;1,426.20;1.80%;6.72%;0.13%;1.66%;1.67%
17-oct-21;2,890.00;-2.36%;1,399.64;-1.86%;6.96%;0.13%;-2.49%;-1.99%
24-oct-21;2,847.00;-1.49%;1,394.04;-0.40%;7.14%;0.13%;-1.62%;-0.53%
31-oct-21;2,877.00;1.05%;1,388.56;-0.39%;7.42%;0.14%;0.91%;-0.53%
7-nov-21;2,840.00;-1.29%;1,356.48;-2.31%;7.51%;0.14%;-1.43%;-2.45%
14-nov-21;2,645.00;-6.87%;1,298.64;-4.26%;7.45%;0.14%;-7.01%;-4.40%
21-nov-21;2,536.00;-4.12%;1,318.31;1.51%;7.65%;0.14%;-4.26%;1.37%
28-nov-21;2,661.00;4.93%;1,431.94;8.62%;7.34%;0.14%;4.79%;8.48%
5-dic-21;2,707.00;1.73%;1,389.16;-2.99%;7.25%;0.13%;1.60%;-3.12%
12-dic-21;2,645.00;-2.29%;1,395.00;0.42%;7.55%;0.14%;-2.43%;0.28%
19-dic-21;2,647.00;0.08%;1,401.66;0.48%;7.61%;0.14%;-0.06%;0.34%
26-dic-21;2,690.00;1.62%;1,410.97;0.66%;7.64%;0.14%;1.48%;0.52%
2-ene-22;2,651.00;-1.45%;1,394.22;-1.19%;8.25%;0.15%;-1.60%;-1.34%
9-ene-22;2,801.00;5.66%;1,431.84;2.70%;8.31%;0.15%;5.51%;2.55%
16-ene-22;2,851.00;1.79%;1,523.56;6.41%;8.15%;0.15%;1.64%;6.26%
23-ene-22;2,886.00;1.23%;1,529.85;0.41%;8.61%;0.16%;1.07%;0.25%
30-ene-22;2,901.00;0.52%;1,522.41;-0.49%;8.41%;0.16%;0.36%;-0.65%
6-feb-22;2,972.00;2.45%;1,492.80;-1.94%;8.93%;0.16%;2.29%;-2.10%
13-feb-22;2,997.00;0.84%;1,493.88;0.07%;8.73%;0.16%;0.68%;-0.09%
20-feb-22;3,064.00;2.24%;1,516.24;1.50%;9.10%;0.17%;2.07%;1.33%
27-feb-22;3,340.00;9.01%;1,542.13;1.71%;9.00%;0.17%;8.84%;1.54%
6-mar-22;3,400.00;1.80%;1,548.46;0.41%;9.39%;0.17%;1.63%;0.24%
13-mar-22;3,270.00;-3.82%;1,539.70;-0.57%;9.40%;0.17%;-3.99%;-0.74%
20-mar-22;3,590.00;9.79%;1,606.88;4.36%;10.04%;0.18%;9.61%;4.18%
27-mar-22;3,530.00;-1.67%;1,626.89;1.25%;9.11%;0.17%;-1.84%;1.08%
3-abr-22;3,570.00;1.13%;1,625.53;-0.08%;9.23%;0.17%;0.96%;-0.25%
10-abr-22;3,346.00;-6.27%;1,615.12;-0.64%;9.28%;0.17%;-6.44%;-0.81%
17-abr-22;3,355.00;0.27%;1,614.75;-0.02%;9.72%;0.18%;0.09%;-0.20%
24-abr-22;3,206.00;-4.44%;1,562.46;-3.24%;10.17%;0.19%;-4.63%;-3.43%
1-may-22;3,278.00;2.25%;1,556.15;-0.40%;10.44%;0.19%;2.06%;-0.59%
8-may-22;3,102.00;-5.37%;1,512.12;-2.83%;10.80%;0.20%;-5.57%;-3.03%
15-may-22;2,839.00;-8.48%;1,459.25;-3.50%;10.62%;0.19%;-8.67%;-3.69%
22-may-22;2,999.00;5.64%;1,532.31;5.01%;10.73%;0.20%;5.44%;4.81%
29-may-22;3,300.00;10.04%;1,614.09;5.34%;10.05%;0.18%;9.86%;5.16%
5-jun-22;3,150.00;-4.55%;1,530.73;-5.16%;10.85%;0.20%;-4.75%;-5.36%
12-jun-22;2,760.00;-12.38%;1,454.02;-5.01%;11.00%;0.20%;-12.58%;-5.21%
19-jun-22;2,139.00;-22.50%;1,365.96;-6.06%;11.34%;0.21%;-22.71%;-6.27%
26-jun-22;2,350.00;9.86%;1,357.98;-0.58%;10.88%;0.20%;9.66%;-0.78%
3-jul-22;2,300.00;-2.13%;1,354.92;-0.23%;11.34%;0.21%;-2.34%;-0.44%
10-jul-22;2,098.00;-8.78%;1,274.19;-5.96%;12.85%;0.23%;-9.01%;-6.19%
17-jul-22;2,060.00;-1.81%;1,259.80;-1.13%;12.52%;0.23%;-2.04%;-1.36%
24-jul-22;2,280.00;10.68%;1,295.96;2.87%;11.75%;0.21%;10.47%;2.66%
31-jul-22;2,250.00;-1.32%;1,300.09;0.32%;11.97%;0.22%;-1.54%;0.10%
7-ago-22;2,348.00;4.36%;1,330.82;2.36%;11.44%;0.21%;4.15%;2.15%
14-ago-22;2,267.00;-3.45%;1,307.78;-1.73%;11.79%;0.21%;-3.66%;-1.94%
21-ago-22;2,418.00;6.66%;1,298.84;-0.68%;11.77%;0.21%;6.45%;-0.89%
28-ago-22;2,298.00;-4.96%;1,232.91;-5.08%;11.95%;0.22%;-5.18%;-5.30%
4-sep-22;2,332.00;1.48%;1,222.51;-0.84%;12.14%;0.22%;1.26%;-1.06%
11-sep-22;2,300.00;-1.37%;1,209.58;-1.06%;12.32%;0.22%;-1.59%;-1.28%
18-sep-22;2,034.00;-11.57%;1,157.27;-4.32%;12.34%;0.22%;-11.79%;-4.54%
25-sep-22;2,074.00;1.97%;1,128.24;-2.51%;12.58%;0.23%;1.74%;-2.74%
2-oct-22;2,340.00;12.83%;1,209.10;7.17%;12.88%;0.23%;12.60%;6.94%
9-oct-22;2,160.00;-7.69%;1,168.32;-3.37%;14.19%;0.26%;-7.95%;-3.63%
16-oct-22;2,353.00;8.94%;1,231.64;5.42%;14.73%;0.26%;8.68%;5.16%
23-oct-22;2,410.00;2.42%;1,219.69;-0.97%;13.65%;0.25%;2.17%;-1.22%
30-oct-22;2,540.00;5.39%;1,244.24;2.01%;14.30%;0.26%;5.13%;1.75%
6-nov-22;2,385.00;-6.10%;1,266.56;1.79%;13.31%;0.24%;-6.34%;1.55%
13-nov-22;2,469.00;3.52%;1,282.68;1.27%;13.28%;0.24%;3.28%;1.03%
20-nov-22;2,457.00;-0.49%;1,266.25;-1.28%;13.15%;0.24%;-0.73%;-1.52%
27-nov-22;2,297.00;-6.51%;1,240.93;-2.00%;12.10%;0.22%;-6.73%;-2.22%
4-dic-22;2,195.00;-4.44%;1,236.18;-0.38%;12.85%;0.23%;-4.67%;-0.61%
11-dic-22;2,133.00;-2.82%;1,211.59;-1.99%;12.76%;0.23%;-3.05%;-2.22%
18-dic-22;2,300.00;7.83%;1,252.68;3.39%;12.63%;0.23%;7.60%;3.16%
25-dic-22;2,420.00;5.22%;1,286.07;2.67%;12.75%;0.23%;4.99%;2.44%
